train_index,assigned_bay,predicted_shuntingmins
0,Bay-10,24.706724
2,Bay-9,46.598343
3,Bay-3,2.3743591
5,Bay-7,37.152164
6,Bay-7,17.779984
7,Bay-11,19.516354
8,Bay-8,33.127556
8,Bay-6,33.127556
9,Bay-2,16.760618
13,Bay-9,16.641281
16,Bay-4,24.990883
17,Bay-8,20.145344
18,Bay-1,26.29962
24,Bay-11,17.243303
26,Bay-10,19.47263
26,Bay-12,19.47263
34,Bay-3,26.956263
38,Bay-3,39.421337
